id_product,name,stock,price
5402956539,VFL 10MW JOINWIT Visual Fault Locator JW 3105 A 10K SENTER FIBER OPTIC FO,1985,32000000000
8911701302,Senter LED Super Terang  Rechargeable +cob Senter Led Jarak Jauh+cob,425,3750000000
3646182897,Senter Swat Mini Zoom / Senter Police LED- U3,11576,1709900000
6355286784,XPE 511 SENTER SWAT MINI LED ZOOM SUPER TERANG SWAT POLICE LIGHT USB COB CHARGER  1000 LUMEN 3 MODE,187745,1850000000
1768752173,PAKET SENTER SWAT XM - L2 8000 LUMENS NEW BRAND,2116,4090000000
4674412226,Paket Senter 10.000 Lumens Original Best Quality Senter Gunung LED Super Terang,855,9590400000
7813748565,[KUKE] SX-U3 Senter Mini XPE COB Led Swat Police Light Recharge / Senter Swat / Senter Recharge,16268,1699900000
7204378242,SENTER SURYA SHT L3W 10LED,35,4250000000
4650928583,XPE 511 SENTER SWAT MINI LED ZOOM SUPER TERANG SENTER SWAT POLICE LIGHT COB,2502,1813000000
5471960339,Lampu Senter Led Mini Portable Super Terang Jarak Jauh Usb Rechargeable Untuk Outdoor,5658,3426900000
6859204008,Senter Swat Mini Zoom / Senter Police LED,101105,1709900000
7755332718,Senter Swat Mini  Zoom / Senter Police LED- U3,695,1990000000
3516551614,XPE 511 SENTER SWAT MINI LED ZOOM SUPER TERANG SWAT POLICE LIGHT REECHARGER,546,1899900000
8726910377,Senter Kepala Led Glare T8 Zoom Multifungsi Anti Air Usb Rechargeable 3 Mode Adjustable Untuk Outdoor,353,15999900000
3537911964,Senter Police / senter zoom LED Super Terang U-3,1360,1709900000
1960368225,Paket Senter E17 COB VRtec Senter LED Torch Cree XM-L T6 8000 Lumens Bonus TAS,54,6800000000
8813751773,Senter Led Fulset 8000lumens XM-L2 Super Terang Jarak jauh // Paket senter Komplit,1129,4170500000
8930977860,(GRATIS 3PCS BATERAI AA)PREMIUM SENTER KEPALA LED BATERAI MS-117 SUPER TERANG - EMERGENCY LAMP,22,1275000000
5573891397,Senter Swat Mini COB ZOOM Rechargeable SUPER TERANG MS 511,1499,1890000000
5028939255,Senter Swat Mini COB Zoom Rechargeable Super Terang MS 511,252,1890000000
4159427437,Senter Swat Mini Zoom / Senter Police LED- U3 5.0,997,2099900000
3958442517,KISEKI - Senter Swat Super Terang / Senter Mini Led / Senter Police Polisi / Senter cas Bisa COD,110,2900000000
4175381205,Senter Tactical LED Cree Super Terang XM-L2 8000 Lumens 1 Paket Senter LED Super Terang,59,4390000000
5677057246,Cuancuy - Senter / Senter LED / Senter Mini Senter LED Super Terang Bright Little Flashlight Termura,69629,199900000
7707000715,Senter Mini XPE COB Led Zoom Super Terang Swat Police Light Recharge senter zoom SENTER SWAT zoom,8,1890000000
6168708830,Lampu Senter Led Super Terang Multifungsi Jarak Jauh Rechargeable Untuk Outdoor,93,11195000000
8004918028,Senter LED Super Terang XM-L2 8000lumens Anti Air Waterproof Senter Tahan Banting Wajib Punya,9206,4399900000
2460893773,Paket Senter LED Torch Cree XM-L T6 8000 Lumens - Charger - Box - E17 COB - Black,180,6500000000
7164363091,Senter Swat Mini Zoom / Senter Police LED/senter kecil/senter mini,167,2000000000
9534261094,BARUÂ Paten Ultral Powerful Senter XHP70+COB 18650 USB Rechargeable Zoom Torch Camp Tahan Air Obor,32,19800000000
7414873566,LP SX-U3 Senter Mini XPE COB Led Swat Police Light Recharge / Senter Swat / Senter Recharge,15399,1719900000
4142467276,Senter SWAT COB Zoom Rechargeable Mini SF-511 Super Terang,292,1890000000
4616776172,SENTER SUPER TERANG SWAT MINI LED ZOOM SWAT POLICE LIGHT REECHARGER XPE 511,2215,1899900000
3357132425,[COD] SENTER ORIGINAL SWAT POLICE 9900 watt [1 PAKET] SUPER TERANG,483,8900000000
7423239186,Senter Swat Mini  Zoom / Senter Police LED Super Terang U-3,1397,1780000000
6444004671,"Senter Police Mini XPE + COB LED Zoom, USB Charge",1114,1890000000
2694776175,[KUKE] Senter SWAT Police 2 lalin / 2 lalin double cone LALU LINTAS,997194,3200000000
3150810551,"Paket Senter LED Cahaya obor, Isi ulang genggam dipimpin sorotan, Senter portabel, Super terang sorot bertenaga tinggi, Baterai Lithium besar, Berkemah obor, Lentera, Cahaya kerja, Tahan lama, Bank daya USB, Biaya telepon",90,30135100000
3380785816,Senter Swat Mini Zoom Senter Police LED COB,423,1710000000
6542157700,Senter XPE USB cob mini usb recharger zoom led swat police terang,9742,1950000000
8711307280,ZANCAKA Senter LED Super Bright Rechargeable 10W 13500 Lumens - Q3,782,14500000000
5538116289,Visual Fault Locator VFL FO Optik Senter Optik laser kabel Fiber Optic  10mW 30mW 10KM 30KM,72,9990000000
2737308692,Senter XPE USB cob mini usb recharger zoom led Q5,9090,1950000000
2633485282,senter swat polisi cob/ senter police/ senter polisi mini t8 zoom,2300,2100000000
4915719800,Senter Kepala Selam 80 Watt / Senter Diving Mitsuyama MS-170P,138,9500000000
4858741748,senter kepala KISEKI CK-393+ JARAK PANDANG 5000METER 50 WATT 9900 MAH,76,19500000000
4838563151,Senter SWAT Mini LED + USB Changer + Breket + Cone Lalin + Box TS-513 Super Terang Anti Air Zoom Out,49,2699900000
8211028688,TaffLED Senter LED Torch Hunting Cree XM-L L2 65000 Lumens - 701,875,14600000000
7654181101,SENTER KEPALA 30w Bergaransi Putih / Kuning PROBEST HEAD LAMP 30W,109752,3350000000
1599539269,Paket Komplit Senter LED E17 XM-L T6 8000 Lumens COB Magnet Flash Bracket Gratis ongkir,156,12000000000
